{
  "config": {
    "updates": [
      2,
      8,
      32
    ],
    "principals": 10,
    "n_facts": 5,
    "distractor_sessions": 6,
    "seed": 1,
    "k": 10,
    "arms": [
      "tenet",
      "tenet_consolidate"
    ]
  },
  "curve": {
    "tenet": {
      "2": {
        "acc": 1.0,
        "ci_lo": 0.9286499658256813,
        "ci_hi": 1.0,
        "n": 50
      },
      "8": {
        "acc": 1.0,
        "ci_lo": 0.9286499658256813,
        "ci_hi": 1.0,
        "n": 50
      },
      "32": {
        "acc": 0.98,
        "ci_lo": 0.8950431352816304,
        "ci_hi": 0.9964608319110234,
        "n": 50
      }
    },
    "tenet_consolidate": {
      "2": {
        "acc": 1.0,
        "ci_lo": 0.9286499658256813,
        "ci_hi": 1.0,
        "n": 50
      },
      "8": {
        "acc": 0.98,
        "ci_lo": 0.8950431352816304,
        "ci_hi": 0.9964608319110234,
        "n": 50
      },
      "32": {
        "acc": 0.98,
        "ci_lo": 0.8950431352816304,
        "ci_hi": 0.9964608319110234,
        "n": 50
      }
    }
  },
  "half_life": {
    "tenet": 32,
    "tenet_consolidate": 32
  }
}